Hettie Cary  ,11/11/1972
Abby Kale  ,26/09/2007
Cristy Mourer  ,09/08/1974
Lucie Nemec  ,10/11/1969
Clarisa Whittingham  ,01/11/1966
Lavonna Gushiken  ,02/04/1973
Silvia Buendia  ,10/09/1984
Shirlene Shotts  ,07/01/1959
Ariane Clothier  ,09/05/1997
Darnell Brendel  ,27/04/1996
Lauren Selvage  ,04/10/1966
Felicia Schneider  ,17/02/1956
Adan Govea  ,01/05/1956
Fermin Warfield  ,28/05/1988
Hue Virden  ,17/12/1984
Joseph Myers  ,04/02/1976
Sasha Grass  ,24/12/1988
Latanya Deberry  ,18/09/1980
Lan Traxler  ,15/07/1997
Ludivina Risher  ,16/06/1979
Lupita Pizer  ,16/08/1976
Lashaun Woodard  ,12/05/1970
Shameka Tickle  ,30/03/1959
Emile Maziarz  ,23/11/1960
Shelia Linsley  ,13/06/1965
Jinny Mckellar  ,12/03/2000
Felipe Grajeda  ,17/07/1993
Elsie Rosendahl  ,13/04/2003
Eulah Caston  ,12/12/1968
Georgiann Corney  ,02/12/1960
Liberty Wilkie  ,19/06/2005
Nilsa Thorpe  ,03/08/2001
Na Verrett  ,16/06/2003
Leola Pabon  ,07/03/1966
Dulce Belvin  ,25/02/1999
Jacquelin Ikerd  ,01/06/1964
Breanna Monnin  ,05/02/1990
Krysten Uyehara  ,17/08/2005
Minda Tardy  ,08/11/1968
Su Neher  ,02/12/1976
Alycia Mcpherson  ,13/03/1989
Adelaida Kappel  ,07/09/2002
Keesha Beckstead  ,19/08/1966
Maryam Kirkbride  ,30/03/2003
Ardell Cuadra  ,20/10/2008
Onita Mitzel  ,04/06/1966
Cordie Crudup  ,10/03/1958
Cherie Greb  ,27/04/1959
Francisco Voliva  ,15/09/1984
Alysia Soltis  ,27/08/1991